Country,1990,1991,1992,1993,1994,1995,1996,1997,1998,1999,2000,2001,2002,2003,2004,2005,2006,2007,2008,2009,2010,2011,2012,2013,2014,2015,2016,2017,2018,2019,2020,2021,2022,2023,2024,2025
Algeria,no data,77.833696000148,62.925693336249,74.027876178717,98.376050020169,116.19509324236,98.147859922179,69.855061578304,72.863183970186,82.019073655466,62.813271250152,48.376133992572,45.158655554082,31.325376783504,23.456769684995,1.920425019836,-10.8384322611,-20.879925973765,-35.485665376061,-39.643924820208,-33.702937696035,-31.08353905548,-29.027937332447,-29.511370258121,-21.78761970899,-7.6167272175416,13.326820638618,21.59776716119,25.446889819463,30.526354309937,53.52454789616,64.034113739337,71.935762700431,79.997566668025,87.110051062079,92.657434132272
Australia,9.5856974808996,12.621061369843,18.247203970605,22.091452422614,23.286016685344,23.141709709427,21.376576516626,18.21613729553,14.661520474799,11.05113190367,7.1423881833886,4.7007401972302,2.7647782462165,0.75490048023196,-1.2304693414505,-3.8143203504646,-6.322173795657,-7.2746091987579,-5.297882580963,1.2263642772836,6.3165015711375,10.581509609201,13.795996224597,16.037028273457,19.052171597047,22.075311160453,23.31180920164,23.266826822044,24.056205447864,27.629857024512,39.442707805615,49.164996981589,53.37174220345,54.074467597832,52.84687159443,50.712980234301
Austria,no data,no data,no data,no data,no data,no data,no data,no data,no data,40.376712160769,43.732150598343,42.277445968736,44.238966865312,42.690874979783,46.19742172626,50.031951182938,49.639330845136,48.757217108368,49.169456624566,56.660362076501,60.481624324173,60.26597353485,60.471195792541,60.408446412479,59.144351382171,58.285306963272,56.965518023105,55.779222988757,50.65402912276,47.792604811365,61.014386464221,61.735659577193,60.938320137959,60.409397885613,59.359433149685,57.727270702389
Belgium,no data,no data,no data,no data,no data,no data,no data,no data,110.92621569571,106.43318778734,100.8362717259,98.520059772637,95.911511225778,92.880181791672,88.445859443434,86.373561865197,83.06848202835,78.694426094017,82.208266286085,88.886868529438,88.882524646142,91.60274278662,92.035994044151,92.52876196294,93.320413693164,91.96884104228,91.111519160637,88.107822054593,86.468595154625,85.820729889977,103.80934619325,104.02910302688,105.79257900083,107.48183907818,109.50347399193,111.61344654319
Bolivia,no data,no data,no data,no data,no data,no data,no data,no data,no data,no data,58.930411815767,51.729317192594,62.11631602975,66.444263206075,87.015366068772,71.088190780271,41.886329055053,27.257739739159,20.607275745523,23.143995733788,17.72304191966,15.042664029921,12.237399026087,11.755597042135,15.66314652392,22.769444038067,30.476775628329,37.213471961477,41.596358850198,48.017628176132,59.363478917599,60.782462581489,61.880542011638,62.308120973915,62.596840576065,62.276272650529
Brazil,no data,no data,no data,no data,no data,no data,no data,no data,no data,no data,46.965791493999,51.48605178467,59.934109397138,54.258679888411,50.185612145491,47.915497164249,46.485821992278,44.545775549755,37.566313321512,40.884931853477,37.979369157561,34.470183563793,32.194399682604,30.50358372727,32.586306049403,35.639819294002,46.143916138024,51.386583599241,53.647015527799,55.695320907565,68.504230159872,74.001614490796,76.889781546951,79.137101649629,81.16874354464,82.760542768439
Cameroon,no data,no data,no data,no data,no data,no data,no data,no data,70.087012504633,70.719095489135,75.944797175705,62.835327178431,57.839480766953,54.157486951136,54.323859514234,46.04344041078,16.924282327438,11.05278335177,7.6761392270201,8.1102321569797,10.485417017219,12.557761613013,13.144672861394,15.933552361644,19.880042025613,27.75094441289,31.592337713854,34.360471769484,36.961908247369,40.401999898179,42.780148137713,43.506354009064,43.703442302846,43.553070665147,42.453595340227,41.116162296517
Canada,43.040923244886,49.721837608381,58.085641851711,62.919641195818,66.140595879652,67.562988428623,67.252748786394,63.265911441507,59.147007914535,52.375916112972,43.800804830793,41.39084333223,39.248835966336,36.932624664574,32.431155674309,28.500552198595,25.66323489714,22.204009606627,18.648120354294,24.570333232782,26.986557410111,27.480873001692,28.909189519927,29.664812193159,28.488223458041,28.387226750253,28.659736810275,27.883987115076,26.482649955753,25.860831172484,46.369528162377,48.41990766618,48.425178189002,47.43473874441,45.194342830102,42.897197335721
Chile,no data,22.410765106183,14.825344641485,13.439710634108,8.0753543956069,3.9081208973389,1.4513680306058,-0.43535402219343,-0.27670240078036,1.6385355710787,3.0880641256247,5.6148220494304,7.6421154477777,6.5638883980872,3.9850780268254,-0.053578710547905,-6.6224149288475,-12.930293895375,-19.284232073808,-10.537663686913,-7.000879956577,-8.5666232879997,-6.7742425109555,-5.6233550071633,-4.3506222160978,-3.4398792480431,0.94089891567225,4.411578332457,5.6863628545685,7.8737334885962,14.67694406467,18.306190800978,21.806216780236,24.351357932201,25.726608075132,26.656656819557
Colombia,no data,no data,no data,no data,no data,no data,no data,no data,no data,23.362903808642,27.71586770305,29.153200610718,40.671549977615,37.72406219387,32.721372584246,28.137937322176,25.439047135399,22.610557211951,22.432003185635,26.308389712816,28.493306425807,27.180028585175,24.794008819857,26.865607058072,32.919044608355,42.081013879375,38.611142866695,38.642461548398,43.145678799728,43.787373530452,59.202891960614,61.75166416015,61.080827484285,59.670774934483,57.147918784918,54.680971502868
Croatia,no data,no data,no data,no data,no data,no data,no data,no data,no data,no data,no data,no data,28.728107368052,29.479896288843,32.391172697355,32.999600023702,31.085888174541,29.998296111106,30.298154487747,37.266809968226,45.271708223473,53.243591205652,58.396826693534,65.734807930944,69.651628830634,70.946905468419,68.725172210531,65.770399015356,62.752504151826,no data,no data,no data,no data,no data,no data,no data
Cyprus,no data,no data,no data,no data,no data,no data,no data,no data,42.729290610272,44.377495761188,43.056498881537,41.996671600872,45.34020089079,46.963994332513,48.581091906326,48.568835006477,45.552309048068,38.631830511378,37.91377514519,44.41936762068,47.850323803832,52.351904499801,67.245352509696,78.7600931375,90.489648675352,90.879564705222,86.019106761547,79.043598457063,53.483806261768,49.402789866795,no data,no data,no data,no data,no data,no data
Czech Republic,no data,no data,no data,no data,no data,no data,no data,no data,no data,-1.5191415114983,0.54624565591175,1.414432641135,7.6228306246567,13.410144744802,15.017957545563,13.17107585492,14.914096510191,13.725753867113,13.383668986806,19.699948410852,25.324315592544,26.571077681415,28.121832898336,28.796510388719,29.201342179952,28.082115667087,24.976729631992,21.45556918045,19.624235916288,18.281052236796,27.346512131152,29.798355417165,30.894765824875,31.417452945557,31.3954506692,31.175235120135
Denmark,no data,no data,no data,no data,no data,51.160003402893,50.911468864657,49.223254973917,46.532803479296,42.869029198862,39.571154357753,34.971994697877,36.470056840099,35.212016556801,31.748098608103,25.390814403433,16.172648698774,11.363340974416,7.8417070503533,11.491612485142,15.032585539111,15.118574613911,18.539505499203,18.303114977273,18.076434824964,16.170551710997,16.455001378208,15.636348590068,14.666551496602,10.425114289998,14.825732187727,17.186046255556,18.023149528807,17.619334170901,17.07777896448,16.442598013469
Dominican Republic,no data,no data,no data,no data,no data,no data,no data,no data,no data,no data,no data,15.763404903164,19.156914519461,46.594575049628,31.639202753358,32.20994105578,29.925317848289,26.027666227266,27.94766225648,29.859441841373,30.194719879543,31.862793702218,37.649316007716,40.261768649981,38.466311740257,38.067050987599,39.174729852142,40.87975090797,41.904979700719,43.569216876732,58.398747531001,57.298406441664,55.464700436577,53.426346766396,51.571125268597,49.789468741226
Egypt,no data,no data,no data,no data,no data,no data,no data,no data,44.273653932382,45.64745298931,45.291216416076,51.191319869459,63.124893785841,69.627565682181,67.540174449252,67.585771110118,67.872246925928,61.33227998952,52.843506992691,55.870509105139,57.094098893384,61.279063557159,63.451961545351,73.732745646098,77.053521126761,78.838774657924,88.188370118846,93.883701723343,81.33145535674,74.361192010672,77.959718965735,82.692068455227,80.83106607492,81.567149475758,78.28058813241,74.790762134972
Estonia,no data,no data,no data,no data,no data,no data,-0.49233696216552,-0.28103131270759,-0.17752524296061,-0.2622723553583,-0.2734729609678,-2.3211545419831,-4.405072476729,-7.3585645483405,-9.1395055767862,-9.7120179385646,-10.863144729594,-10.410555932956,-7.8908349355613,-9.4681750824314,-8.340118567766,-6.6613893771966,-4.7488331509771,-4.3360641483204,-3.8632328360916,-2.1989951025444,-2.6126827738028,-1.5751694941895,-1.7646190223386,-2.0617251189689,9.1585771516414,13.448448489349,17.137374752954,20.040698324873,22.71863794861,24.648800459416
Ethiopia,no data,no data,18.151605457364,29.097526966655,32.028857538337,30.256741802827,27.412159790799,16.459472121226,18.28267885283,20.035388522155,19.902919771231,20.310642733178,23.639028356744,99.482922636743,54.315653715437,68.034063439352,30.497540055342,34.130858624445,33.044695069323,29.18904233018,32.38956785882,39.952262221011,37.034766358572,41.936085642453,42.996736463554,49.625154087397,51.788883197938,53.785397880912,57.465775086092,53.813318673455,52.618618378597,55.629595923451,54.538966488613,51.686952027646,46.357175343047,36.193835134834
Finland,73.079947651954,70.275654032916,51.244879997601,33.21705094418,33.698068673838,8.354727090077,12.406962961512,15.29388937522,12.235005063333,7.8201330013552,4.4201931956436,2.9164477141356,-0.31383430087685,0.96606896915302,-2.0521800476196,-4.7277562892032,-4.9509245388873,-5.1750710919735,-7.7389133400252,-4.7335031664897,3.1688662347257,5.0354043980242,9.4320945895532,12.890500731692,17.189229423336,18.431771412352,21.234564495812,21.852496093975,24.250412989703,24.462402463906,31.958126594247,34.505066757108,35.844342474056,36.790369736935,37.577774250536,38.112082033141
France,25.814789111397,28.389459437705,31.344131067332,35.95878869313,41.878999945394,46.106250405287,49.334566298215,50.271624572529,50.573416890057,50.485403629838,49.6758725403,49.525419321285,51.239774560107,55.026596494929,56.683640264575,58.881989688007,58.009329324281,58.046936168459,59.81288709985,69.75235769889,73.623419965729,76.429444866299,79.973994687869,82.992118322927,85.46515549374,86.347906144015,89.184644217053,89.376739585991,89.334164164923,89.393533344511,110.01198337653,109.84646495334,111.23309055261,112.54487949882,113.54404323315,114.58073320036
Germany,no data,no data,no data,no data,no data,41.406358036746,44.322257960424,45.544297988425,47.133815192462,47.898498650145,44.7268727271,45.934620306185,48.438256328135,52.201739036069,54.691361844315,57.224807827611,56.004494608147,53.163129363285,52.898578042718,59.750749265046,62.214826080175,60.292846641619,59.567516965297,58.606470201149,55.018326655121,52.189459979248,49.33525587449,45.501585957679,42.747429545258,41.149012046795,54.113517108999,54.158420102828,51.218416465131,48.789215135932,46.324557364956,43.815742868593
Ghana,no data,no data,no data,no data,no data,no data,no data,no data,no data,no data,no data,59.711595404348,56.484800774647,52.299462928423,38.858776488733,31.074810870357,15.544891513583,16.965402492313,22.352760859262,24.32028831103,32.165363347449,28.586598637668,34.024017326171,40.164980437095,46.25314413788,50.670601038526,52.005545745458,53.072851741247,57.828108962996,57.99990069355,72.268381814783,70.755286678375,71.122079626475,69.302222938881,69.069632370404,68.824588209302
Hungary,no data,no data,no data,no data,no data,no data,no data,no data,no data,no data,no data,no data,no data,no data,no data,58.107844583184,61.669520513792,62.730545598563,63.227288901773,71.671206395098,72.935564815197,72.769006117772,70.887030715895,71.120011348838,70.551126364645,70.880515750317,68.485493321615,65.890618687763,63.220891270307,59.332372900427,70.407603650433,68.856830893058,66.207269634938,62.823881483925,59.436943292499,56.466039266064
Iceland,18.584476926306,19.314117966039,26.024484741166,33.98607281709,36.973702766938,38.86445086914,38.503590155752,36.562274428677,40.833148063963,36.079505180565,34.440190441208,39.525446457611,36.553187693377,35.394678383345,29.517116953837,18.652332037311,20.218845618742,17.482403819641,52.690432887457,65.185846895261,64.308290872526,59.936792219355,62.011620602162,60.512608207816,53.610794961323,47.361012542569,39.69708575411,35.715145933286,29.030153100868,27.723229977953,41.995248007732,43.382759537389,44.048351270193,44.488195575836,44.489043359556,45.445014846749
Indonesia,no data,no data,no data,no data,no data,no data,no data,no data,no data,no data,no data,no data,no data,no data,no data,no data,no data,no data,23.834827532084,21.263860564347,19.686537587067,17.758158836989,18.576668454681,20.600460008209,20.377420601737,22.043463765785,23.451280992128,25.28513739911,26.304550325061,26.96186887725,34.968065539241,38.574102648038,40.167361743084,40.478961173418,40.597384642964,40.692410926774
Iran,no data,no data,no data,no data,no data,no data,18.20566038478,15.43515914892,17.239640863276,11.815361196969,5.4335224576978,-1.0054913296945,9.1822319115977,7.4278385914685,4.820137437196,-0.4992626785794,-0.83476321534264,-2.7426820489421,-2.598037089878,3.7035975585003,2.9006149639825,-2.3706782316999,1.3323488045661,-5.6444914472083,-5.6229426228736,22.989962248662,33.122243296293,24.516277082412,27.85790670054,40.993332996108,44.016569225714,39.650884112093,38.747189486766,38.419152198719,38.44866809828,38.345185602445
Ireland,no data,no data,no data,no data,no data,no data,no data,no data,44.084230171073,34.473758038759,24.456487590324,20.676837816345,22.476194677902,22.266051138315,19.834418866524,17.722910189424,14.534823945758,14.528541204763,22.916023052913,37.083500247426,66.643167286955,79.612869229193,87.212776536345,90.244527948441,86.037828744923,65.891571996727,65.860578132166,59.405840110398,54.586375179149,49.589383654019,58.64393441172,55.967772981261,54.187483427326,50.98840932835,47.900771032951,44.820214444357
Israel,no data,no data,no data,no data,no data,no data,no data,no data,no data,no data,67.6,72.3,79.4,82.1,82.1,79,71.1,65.1,64.3,66.4,64.2,63.3,63.2,62.2,61.8,60.1,58.4,56.8,57.4,57.2,73.574783485969,77.194107606977,78.750485065898,79.702952813285,80.235061098477,80.384778220126
Italy,94.579445518009,97.674711735616,104.66511178431,114.95852578321,120.88198587457,103.38033926844,110.05782734407,107.94016247421,105.95474757125,103.99711015369,100.49302745924,100.65368849002,98.267887864476,98.232155750405,97.631238294591,98.087484559481,98.403799349128,96.260496395928,97.850216767418,106.83547883159,108.56226637348,109.81157915422,114.62656961915,120.0020957978,122.3225933311,123.13588323955,122.38205623702,122.03625144176,122.9023513052,123.04100600504,148.84289041732,146.05956869584,144.74063000041,143.3635176415,142.56186347029,141.54741383003
Japan,19.424309602732,17.60278084927,19.750282644963,24.107872767297,30.358016954658,37.855105252899,41.839979657931,45.732852188321,55.312108691987,64.35915357168,67.697273241619,75.022279905982,85.578703461449,91.480376336315,95.295485017722,94.911195233117,94.036152844758,95.92678566122,107.26811194669,121.67166154921,129.98680933899,141.36559326214,145.33071654089,144.7143789791,146.57434867556,146.3540037469,151.97694950043,149.75739030814,153.48722514715,154.87357354874,177.08423470586,178.94183573436,178.64183399376,178.50838141011,178.73900219714,179.70829157895
Kazakhstan,no data,no data,no data,no data,no data,no data,no data,no data,no data,no data,no data,no data,7.8521332624746,3.5799418661203,0.028454972237431,-6.1294206281482,-10.855023018667,-13.79222987388,-13.912513845756,-11.029505842806,-10.249393017033,-12.70566007238,-15.940629901469,-17.604009883586,-19.14037726944,-30.753841202074,-23.759383261339,-15.780706330745,-15.780212880949,-13.907817168042,-12.246737751717,-7.698907657513,-4.9158590483719,-2.8748490777975,-0.99717428120548,0.89828391363836
Kenya,no data,no data,no data,no data,no data,no data,no data,no data,50.633177338128,50.352578698401,49.836362026526,52.499645767779,58.442129739332,56.301530174415,49.6599319744,43.791575426547,39.906239021395,34.424042872362,37.131744282561,36.864179292621,40.22253480037,39.063210484658,40.136355263801,40.093153503816,38.713818139078,43.49766190917,45.141535633541,51.10404654505,54.518952845632,57.20890303037,62.741201725005,66.86555329205,69.226338462829,71.764096857187,72.685622713051,74.431559448144
"Korea, Republic of",no data,no data,no data,no data,no data,no data,no data,no data,no data,no data,no data,no data,no data,19.624653550763,21.754046505914,24.48488405112,26.481692260006,25.66097187068,25.739037196311,28.677776213471,27.958109109389,31.544838472899,2.3161404260907,5.7850405964956,7.5181633719453,9.4892306470371,9.734203676921,9.6058586018715,9.5779822762356,11.48016605455,17.965528717262,21.796281135003,25.356937726176,28.809422088106,31.82362921839,34.516002728177
Latvia,no data,no data,no data,no data,no data,no data,no data,no data,no data,no data,9.3796898595342,10.520138899241,9.4541738596924,8.8127708408485,8.9152552694499,8.3069999324338,5.9423134107844,4.1422043622179,7.8826728702504,18.757759837635,28.938664813803,31.620080922055,29.79778531179,29.633647129557,29.55300760826,30.92396241851,30.957839378529,31.784841094042,28.054725263757,28.305292504481,35.145355468703,36.715805632655,35.228439418682,33.578397919618,32.732128394058,31.952624800109
Lithuania,no data,no data,no data,no data,no data,no data,no data,no data,9.942822022331,14.299561136948,10.725146242576,11.696924865265,11.578729254511,10.345648052603,10.48746011032,10.090318679383,7.8794519751487,8.2546503860113,10.054257069629,19.770712980976,26.373328134558,33.158204119269,33.436606703549,34.138673717307,32.664970118868,34.69304803091,32.2206395446,32.262587740985,27.465005611474,31.484593085677,42.037502285626,41.808372581399,39.368108402287,36.961483712473,34.940294980387,32.786735906116
Luxembourg,no data,no data,no data,no data,no data,no data,no data,no data,no data,no data,no data,no data,-33.296273715167,-33.167734593971,-29.627534857081,-25.49290568777,-24.728247205568,-25.797228528086,-22.651297585795,-19.876407988858,-13.269268103281,-11.149414103223,-10.429111286926,-9.020527102442,-10.841073851366,-12.126386226659,-11.537129651231,-11.187872046073,-10.730836542993,-7.9407962995326,-4.8385700364866,-1.6612832861224,0.72082778052023,2.0778229107407,3.2310194053652,4.2965220560461
Mali,no data,no data,no data,no data,no data,no data,no data,no data,no data,no data,92.43786573412,78.468732147714,42.907565213752,37.392723224684,36.923745062219,42.065419302913,13.120684547511,13.183558486168,15.133253794431,12.49854268418,17.285958006398,17.502219319133,21.328696238345,20.218031948113,19.657970403903,23.148689146787,29.963128860521,31.09891125306,34.261670629142,34.312994568656,31.316002920066,29.416757984069,27.720230984878,26.552173000324,26.186716695002,26.341766676004
Malta,no data,no data,no data,no data,no data,no data,no data,no data,no data,no data,no data,no data,no data,no data,63.288101089377,61.568990704662,55.778240360037,52.579522534069,53.338523991459,56.153353129986,55.369843381647,57.408386739562,56.387026340017,56.738472460599,52.29397939894,47.695691882629,41.979922703424,36.672219886899,33.931714985443,31.073831342613,no data,no data,no data,no data,no data,no data
Mexico,no data,no data,no data,no data,no data,no data,no data,no data,35.958314676934,37.436311266004,34.085440173648,33.969460785215,36.669504492091,35.262799051735,32.871775504896,31.102347375085,29.49345949608,28.81120278183,32.89149412143,36.030162447828,36.009836358713,37.165874320566,37.241987029246,39.959692519907,42.62007984006,46.484887552831,48.673116558255,45.736097164275,44.837831236234,44.929670819163,56.722171832197,56.779695663539,56.586720392681,56.345066585364,56.204223425318,56.086135057345
Morocco,no data,no data,no data,no data,no data,no data,70.488893861959,73.332032159122,69.618637560168,68.441898684228,69.996777189098,62.950179041782,61.793341624108,58.853168101504,55.965808454532,56.746147043147,52.381674081172,49.475783836581,44.73378387204,45.451840090785,48.492793722588,52.136828423165,56.007373059268,61.216182608953,62.838049234401,63.085306789696,64.391779561329,64.740381040358,65.034140387136,65.494030445104,76.597316985242,76.276887333367,75.266795893938,73.976234926287,72.115471554219,69.699982430081
Netherlands,no data,no data,no data,no data,no data,54.959687085605,54.072397533551,50.800984159156,48.031549981613,44.732143070002,38.966210700277,37.493696576541,37.740178833333,39.417133051228,40.22853428959,38.572255814756,36.098100063981,33.289888075973,38.474778970269,41.063020731641,45.854655992691,48.54657197025,52.087551266069,53.696119237565,54.821311573054,52.798808129761,51.051406322132,46.179753056983,42.510712854009,41.65743350884,48.1321470878,49.60956822934,49.504682275642,48.776138511259,47.545769803073,45.756583573416
New Zealand,58.049003424053,67.421263660666,70.989097921386,63.277981405367,52.585560407673,42.770529056982,35.602819129322,32.084613335684,31.2316863327,29.08565250353,30.283867557966,27.108885148515,23.180744368047,18.429112949915,12.884630318401,7.5057247918767,2.8423273127545,-0.74898764004495,-2.1792291389891,-1.0203603293904,2.49750621585,6.5873733333964,8.5234663222748,8.6274363574947,7.9615941064955,7.3768694792564,6.6590204004889,5.5856538220123,4.7743376204708,9.0213503384964,21.34036127337,31.037405281477,36.889965273565,40.422398912925,40.915880091328,39.435253977841
Niger,no data,no data,no data,no data,no data,69.135265880646,63.275585452772,68.853076176174,61.09639790079,63.140062313733,81.83564554308,70.874554806704,65.775892135107,57.589902511815,53.262670685589,47.46975190136,15.891796413703,13.388880797197,8.0344276875991,12.565028740804,12.036005067087,12.002830299178,14.39931593229,15.276940186688,17.161885115193,25.887188385364,29.458428052191,35.372187595583,36.045296306113,37.8582178653,44.57769403728,45.185671974987,42.433997276716,40.242358464652,39.51843658307,38.990805786256
Nigeria,no data,no data,no data,no data,no data,no data,no data,no data,no data,no data,no data,no data,no data,no data,no data,no data,no data,no data,0.40557799690353,5.3246294410063,6.4545358110985,12.454636903606,10.671581986942,11.445943289774,13.768006045752,15.878171347999,19.002288335695,20.93801971409,23.45993014755,25.421813842912,31.488540622139,32.45538904272,33.54754172828,34.169550760828,34.882930633458,35.59592852361
Norway,-9.9313515442806,-11.765656530182,-11.019148651918,-10.159045516907,-9.6220622193138,-12.793723823965,-14.099368489163,-16.044552143855,-17.771369833136,-18.704984283603,-21.415539473649,-29.809084545533,-29.549411733052,-33.83194527159,-38.821493869951,-44.840292926537,-52.700201595801,-50.409140093091,-48.32125154051,-43.107069810305,-46.59775363798,-47.448636311389,-49.019062749553,-60.137489157417,-74.619095559304,-85.57358522587,-84.199366847549,-79.268867767075,-71.796106331036,-105.475916785,-111.27341513466,-111.85403979728,-114.75395587362,-118.01619334536,-121.74694775274,-125.12864992667
Oman,-6.9536400258173,-10.091634562466,-6.299400572276,2.0648861318123,11.728076179739,11.972225886077,13.440733048467,10.988268330733,22.139400769113,22.13184470833,6.0786972781681,3.1121132463462,0.011253344245254,-4.2293605221166,-7.9083214143128,-17.633422704135,-18.963891152346,-23.607443951165,-17.424026415645,-22.188702582129,-19.569778118176,-16.807105337563,-15.645871037106,-28.836985834256,-27.641027022264,-22.769486216721,-0.95933574494178,13.413163385231,32.122398562966,41.500213951863,66.192206520627,78.389607740281,81.437903297848,87.25242820429,94.300603399237,98.143911335492
Pakistan,no data,no data,no data,no data,no data,no data,no data,no data,no data,no data,no data,78.315502983502,72.669893008802,66.373277922534,59.599230173607,54.406978625437,48.708173767125,47.024478089958,53.125852538407,54.703567103224,56.689396399022,55.920448623315,59.399720562143,60.719634847657,58.089406028195,58.240060349289,61.271513250849,61.505370679157,66.504920437442,77.162107147648,79.668865043594,79.147802303407,76.071727164902,72.915016341011,68.806295308329,64.931715143934
Peru,no data,no data,no data,no data,no data,no data,no data,no data,no data,no data,37.679820848258,37.06012242525,38.127669077172,38.672458433871,34.958213387386,31.966049214164,24.0912452394,16.743105197799,12.993828675403,12.202439511059,10.238707791328,6.0629466111671,2.7882745086969,1.5026830939043,2.6850776891098,5.3055432987131,6.9507171535728,8.7263004357605,10.231032415266,11.204089090119,21.983698964056,24.127191950266,25.738139394168,26.62145976499,27.179837978102,27.392765700273
Poland,no data,no data,no data,no data,no data,45.009828839705,39.169502206016,39.214988865888,35.353524427199,35.576549692536,32.074429926731,32.099002031649,36.283531256692,41.490194224108,39.400609841771,40.367593815739,41.322179632316,37.084056886864,39.403976367878,43.229609196381,47.668241636308,48.708217943318,48.212718991389,51.210773401219,44.94463593404,46.501169369978,48.095033792306,44.757303549152,42.358155313456,39.468172325643,53.500103305025,53.677943872041,52.737775457675,52.840608528681,53.364297917376,54.392639132435
Portugal,no data,no data,no data,no data,no data,46.975915604648,50.572592910553,46.240142283375,42.718049022302,41.569087140572,41.494567587436,44.374884919904,46.329714361475,49.97812661098,53.594722302136,58.176871160188,59.424854024169,60.539939770449,64.052837776964,76.057424956824,82.218611597657,102.9505463491,115.74515317097,118.26223237061,120.45914071759,121.4546288197,120.04999737251,116.56783226919,116.03280980183,111.37229265554,130.27239762854,123.58233057429,117.96942810848,113.77046137525,112.15150258741,110.43378776962
Saudi Arabia,no data,37.959919139529,46.108792474763,56.525799431321,65.468900263569,71.621396519209,72.546001477183,73.991003743288,97.932169707441,99.348807471515,83.63499549042,91.3014971466,93.579068861138,78.705759753652,56.684253904392,22.311455471416,6.0842753865649,-10.295624317872,-37.923285267068,-38.318466161126,-36.911869250661,-36.991661561176,-47.120342468333,-50.868807888703,-47.055724188433,-35.907872112522,-17.115302161686,-7.6788057325756,-0.087202495739486,4.9920877008894,16.769304774728,21.489320536227,24.374044972513,26.144091799874,26.557360493654,25.721525163208
Slovenia,no data,no data,no data,no data,no data,6.7030906749489,10.566957266224,11.65684963683,11.990776325903,13.360152322571,16.328349183954,17.684192607234,16.533891611391,18.828889678409,19.654555852354,19.85189052539,19.032230388652,15.149899496771,13.775619171169,21.041293728572,26.697356444166,32.255940591388,36.558602940974,45.207561247919,46.4732969658,50.324560003706,52.320482775364,51.870677482314,45.885677568255,43.076847701809,50.192725125862,50.703385454033,50.251082693812,49.053076358008,48.010070109245,47.285433282024
South Africa,no data,no data,no data,no data,no data,no data,no data,no data,no data,no data,41.500283096828,42.022163938355,35.092748572903,34.75474265599,33.590747483579,28.687439530421,25.89488420137,22.849682057661,21.739692021698,25.369555169984,28.513980485508,31.332914855809,34.839875937812,37.940246504426,40.723597231161,43.566073390268,45.40607378655,47.770253340548,51.049108732044,56.141562246129,74.472985883357,80.02461617422,83.415284146684,84.987756301287,84.726039531431,83.112491748195
Spain,28.557578125969,29.880898203396,32.355302928411,37.117340070683,42.552679306232,53.684479376792,57.281920883093,57.135092821376,54.665955464277,51.180555634664,47.258433960895,44.458135102633,41.030687797511,38.553551066604,35.883599379594,31.823567946325,26.795179030566,22.443440544694,25.42411366502,36.600574195075,45.991646383129,56.385225092431,71.759393714862,80.83819843818,85.197929580549,84.93230403029,86.071155192846,84.499692480622,82.713690314284,81.334353436958,106.91154578104,106.39474545857,106.2927579971,105.90442454549,105.29088974118,106.38367039586
Sweden,no data,no data,no data,31.083579824263,50.605297544681,44.44126435096,46.223077292666,49.848652033514,50.518020999533,43.463881997479,24.354120651072,30.273939173178,29.274197024557,29.24594357569,28.487022444398,26.343316553426,20.677823522553,15.618662051792,13.520158089098,14.372972078319,13.379548413762,11.679455350928,11.263513582108,11.406605486059,11.235470467575,11.159566902243,8.9152035399072,6.2314841601057,5.9302993637934,3.2169441250194,9.2213241286565,10.723545142143,11.775215864957,11.02606432679,10.32644600528,9.6240975437258
Switzerland,13.458038556111,14.617192860038,18.270966586211,21.063115076641,23.627591675568,25.601602055093,27.703021603622,29.575339278309,30.657949996133,34.717570057677,34.803361840714,35.739942412343,39.670317187662,39.7233851353,45.672625635414,42.573058459494,37.31722755231,30.024010680638,25.440195913282,23.851579770775,22.449629438844,22.597711262185,22.223226556746,21.225412623245,21.27304363268,21.392501113089,22.146458502228,21.239411126572,20.157895415291,21.340288942504,27.950693598177,27.678019462131,27.146914824817,26.534963579235,25.444361965373,24.480719872577
Turkey,no data,no data,no data,no data,no data,42.682691448277,45.909556377203,43.203550917845,43.689325571713,60.892748015963,46.562271425025,72.154984413691,65.404448041765,57.695572045792,51.084929281264,43.396179950163,37.10205871032,31.59717503907,32.066714059727,37.172697858447,34.666780177679,30.877828363381,27.265060755235,25.75337454941,23.707112294247,22.840438201712,23.275212813312,22.11520018056,23.89753771279,26.584611882227,35.237277131776,39.859845049275,42.536008646392,43.988586376075,45.844028790472,47.388235709805
United Kingdom,25.634050963414,24.686069419137,26.140600455662,30.431112085443,35.493076164273,39.406671620267,42.411917398277,39.434056575441,37.320888219797,36.147599943071,30.840084260331,29.582668555251,30.068007670076,31.626712260681,34.476884059728,35.654033520641,36.095036825651,36.444361280665,43.575035646201,56.639475510513,67.43624077282,71.82767647617,74.759565968978,75.927791173267,78.011724173118,78.427728995209,77.839094191968,76.722658612605,75.921697669733,75.401362177029,98.143501908117,101.59999749406,103.52901718067,105.34940874236,106.4766309165,107.0562322764
United States,no data,no data,no data,no data,no data,no data,no data,no data,no data,no data,no data,33.977409378817,36.359595664041,39.288687190452,47.985704606907,46.675063522959,45.302896935127,45.524279721489,51.863833084401,62.902997973898,70.361604983975,76.932411565633,80.81620418533,81.510453638927,81.185831796443,80.81555846762,81.755392075796,81.878434578154,83.153783923103,84.049642552626,106.78066558827,107.34382687931,109.50444395588,110.24772867728,111.42814311347,113.77651413013
Uruguay,no data,no data,no data,no data,no data,no data,no data,no data,no data,no data,no data,no data,no data,no data,no data,no data,no data,no data,37.456456809754,35.732965189405,33.280190859826,32.261763808909,41.392501700394,43.148716537219,45.14402394363,49.579943879933,49.543821897555,49.329070942171,51.847820204497,56.015423695434,59.700256997471,59.328675756675,59.589189925311,59.945578499138,60.444917618799,60.235564862435
Yemen,no data,no data,no data,no data,no data,no data,no data,no data,119.30133854695,93.993685129745,56.422006221391,54.376691985024,49.960020461634,52.166887067415,45.466426404125,37.064511881399,32.999270551104,35.236347959774,31.422310239432,43.633209931653,38.27526179723,42.339545552753,45.275522534233,46.712404215403,47.788325778617,56.14590910747,71.279692330029,76.559395800691,73.794790438398,75.838895552605,81.079803376845,78.85084468422,77.956984224118,71.573251390533,65.188563441458,60.088146438642
Zambia,no data,no data,no data,no data,no data,no data,no data,no data,no data,no data,28.888981781848,21.893192272203,21.73665886396,23.920858244394,19.262073559802,13.093439232698,21.603661443504,17.600892936604,16.283902390446,16.46573395708,15.944402902571,16.417370415926,20.060610546992,25.190049492708,31.758091465226,56.087411900128,51.331455784758,55.796224706224,66.475660195072,76.471377312435,99.71982395189,99.017757793583,97.302918920474,94.850946235432,91.797385911555,87.873700634474
Advanced G-20,34.290098391017,34.456016388696,37.663552105576,39.946509833622,44.901652419235,46.526040641446,50.955257537581,51.872567793061,54.98789010022,57.459542378723,56.59482835209,46.919219945821,49.719712385567,52.119611708989,56.812495716051,55.807068719939,54.030353861925,53.286899938612,59.00997580813,70.313416795657,75.91337811882,80.865870278563,82.830765572712,81.836321345559,81.486739349914,81.272303433375,83.159385853667,81.708120243268,82.190159252443,83.192028088748,103.90276861745,104.51509853834,105.60530472717,106.01223579602,106.41085650067,107.29820419372
Advanced economies,33.472664319488,33.662124280535,36.458449708191,38.567255552344,43.627915981183,45.620950760649,49.515849591869,50.204717016965,53.494199802588,54.533133246611,53.094535188806,45.796909185216,48.036664955023,49.893815233131,53.689480532757,52.349273307811,50.109769703222,48.701388367102,53.468809136235,64.267491103376,69.758960657789,74.28332659536,76.855627712485,76.036562771458,75.861902754618,75.908175904251,77.593643622348,75.963106729267,76.085283275617,76.689013984084,96.09754484618,96.396617951292,97.293516675616,97.536489233022,97.715111977339,98.327163385653
Emerging G-20,no data,no data,no data,no data,no data,no data,no data,no data,47.788881914383,53.175443253473,45.425173923247,49.900138789489,52.741057253715,48.783124456219,43.673205533836,37.290960546565,33.527008416767,30.330029454273,25.24748176549,28.34432463172,27.178966588777,24.789896555774,21.868502447297,21.652201793351,23.135836427917,26.052260014073,32.02429911885,35.06307940489,36.277543612486,38.067167861803,48.151992164944,no data,no data,no data,no data,no data
Emerging Market and Middle-Income Economies,no data,no data,no data,no data,no data,no data,no data,no data,40.934965439263,42.040357190044,37.957983816801,40.812599321465,46.643202553986,43.794484139442,38.733122375208,33.586539062879,29.849411564779,26.315618506245,22.960554299445,26.472363431382,26.176164435806,24.105683226729,22.721321493899,22.873430475204,24.250325275642,28.680967858439,34.499533784053,35.742208023035,36.800416835165,38.757421269008,48.871874158199,51.512271889994,52.816288969576,53.625975494628,54.118029976315,54.265751154228
Emerging and Middle-Income Europe,no data,no data,no data,no data,no data,43.554346244762,43.306880482696,41.702143303599,40.476067360535,50.848420804408,39.180113782552,49.28626756236,45.885318726638,44.542288927352,40.174268258067,38.033292818094,33.98503496319,29.859288871275,30.701874888978,35.780928097258,36.529331001885,34.833915119607,31.968847993613,31.595777105007,29.663505698037,28.696869510889,30.968065947152,30.029759976796,30.521250748778,29.684775184537,39.889812816606,42.778488485839,44.038516269028,44.912540207442,46.102300903401,47.285114297265
Emerging and Middle-Income Latin America,no data,no data,no data,no data,no data,no data,no data,no data,31.098156575943,32.11889149259,37.5927514849,38.463062655785,43.091788509056,41.187549246066,37.892131793413,36.14510077146,34.291694304133,32.878369483834,30.996692979373,34.331948168152,33.156352179553,31.202283719612,29.599790157995,29.675560373482,32.326476563868,35.686833241591,41.135441133267,43.310025602109,44.045462527545,45.34530078109,56.690728483705,59.275813364327,60.826834537277,61.826855304077,62.68222692631,63.214956289631
Emerging and Middle-Income Middle East and North Africa and Pakistan,no data,44.883726528229,46.990430594035,57.603719569932,69.156273313302,76.905886905663,52.74380866565,47.379872478119,52.207993149948,48.254926449544,37.319633266897,36.634798371152,56.366843893096,48.94962343329,37.678447944505,19.782318793502,11.550676519021,2.8089852229174,-10.366713304397,-4.6542740655852,-4.5062593747618,-7.0214377548491,-10.199375575099,-11.446176383711,-7.6224121814616,8.7564340216949,23.617014443214,22.977710796296,25.529966154686,32.532163406003,44.102241359903,46.120635619676,47.127392558036,48.569045577115,48.839269712442,48.349298667953
Euro area,no data,no data,no data,no data,no data,48.859525241588,53.083864198208,53.297682753159,57.585331199867,57.670944145918,54.886189075626,54.65429955317,54.762806925826,56.299576821311,56.830722260133,57.319583468206,55.586701083813,53.233679361876,54.657795171353,62.789532764201,67.079713982396,69.584901907944,73.242774182223,75.672916390345,75.936775641236,74.747654966164,74.265896783357,72.10218852215,70.384074247693,69.2120471103,85.111583159888,84.738702428595,83.728057925691,82.783633060067,81.815913405847,80.883275053738
Low-Income Developing Countries,no data,no data,no data,no data,no data,no data,no data,no data,no data,no data,no data,no data,no data,no data,no data,no data,no data,no data,9.1301047282469,13.289422293336,14.448468045566,18.554608386238,18.459058408599,20.059383915308,21.994254172074,26.97122920255,31.582713197115,35.095309957288,38.003166820481,38.994256925501,44.789664377626,45.708519172083,45.796777301181,45.375998721722,44.75471601031,43.823714151474
Low-Income Developing Oil Producers,no data,no data,no data,no data,no data,no data,no data,no data,no data,no data,no data,no data,no data,no data,no data,no data,no data,no data,2.7425192659625,8.3089477671011,8.9134134390315,14.643487819081,13.139634853806,14.012291640241,16.1721003386,19.073584914921,22.714876350943,24.632848921121,26.263647770763,27.839110307514,33.727787647954,34.274836050669,34.988491692124,35.223271881828,35.660319307894,36.188580987777
Low-Income Developing Others,no data,no data,no data,no data,no data,no data,no data,no data,no data,no data,56.422006221391,54.376691985024,49.960020461634,52.166887067415,45.466426404125,37.064511881399,32.999270551104,no data,no data,no data,no data,no data,45.275522534233,46.712404215403,47.788325778617,no data,no data,no data,no data,no data,no data,no data,no data,no data,no data,no data
Low-Income Developing Sub-Saharan Africa,no data,no data,no data,no data,no data,no data,no data,no data,no data,no data,no data,51.49241978696,49.980541200925,56.682354472805,45.53711162695,41.456340961454,23.872706934982,22.238542857234,7.9117265738251,11.618608026869,13.094785574356,17.287864789,17.076406365735,18.649055927872,20.642308192455,25.305279511721,29.770665768888,33.459909107582,36.84726288107,37.950426367561,43.834089093134,44.951551304116,45.175473384208,44.929035455996,44.432090718989,43.577345713093
